{
  "users": [
    {
      "id": 1,
      "name": "Android AsyncTask Example",
      "job": "Android",
      "location": "location"
    },
    {
      "id": 2,
      "name": "Android AsyncTask Example",
      "job": "Android",
      "location": "location"
    },
    {
      "id": 3,
      "name": "Android AsyncTask Example",
      "job": "Android",
      "location": "location"
    },
    {
      "id": 4,
      "name": "Android AsyncTask Example",
      "job": "Android",
      "location": "location"
    },
    {
      "name": "vimal",
      "job": "hhjhsajdhsaj",
      "location": "cegggjjjjjjasd",
      "id": 5
    },
    {
      "name": "cc121212",
      "job": "cc",
      "location": "www",
      "id": 6
    },
    {
      "name": "test 7",
      "job": "sadsad",
      "location": "sadasd",
      "id": 7
    },
    {
      "name": "dsfdsf",
      "job": "sdfds",
      "location": "sdfsdf",
      "id": 8
    }
  ]
}